building_id,building_name,age_years,maintenance_freq_months,crowd_density_avg,academic_load,weather_condition,past_incidents_count,construction_type,last_inspection,has_fire_safety,has_emergency_exit,latitude,longitude,risk_score,risk_level,incident_type
B_000,Building B - Science Block,53,5,365,Medium,Clear,3,Brick,2025-11-30,Yes,Yes,12.97160357762394,77.59759241711208,62.32914484771882,Medium,Medical Emergency
B_001,Building A - Main Campus,94,12,321,Medium,Clear,6,Composite,2025-04-29,Yes,Yes,12.971129696857396,77.5929752186406,92.45127786933077,High,Fire Hazard
B_002,Building E - Library,16,16,382,Medium,Clear,3,Concrete,2024-12-28,Yes,Yes,12.970791492851673,77.59570647351504,56.96766286296121,Medium,Environmental
B_003,Building D - Hostel,73,26,415,Medium,Rain,4,Concrete,2025-02-19,Yes,Yes,12.978692641278462,77.59413555776659,100.0,High,Structural Damage
B_004,Building D - Hostel,62,26,237,Low,Storm,3,Composite,2025-06-18,Yes,Yes,12.97438707505755,77.59646955110665,94.23324058540538,High,Crowd Control
B_005,Building C - Admin,22,21,160,High,Rain,3,Concrete,2024-10-12,Yes,Yes,12.968466978119361,77.59044920230927,68.73242580835687,Medium,Structural Damage
B_006,Building B - Science Block,84,33,229,Medium,Rain,3,Composite,2025-02-20,Yes,Yes,12.973880391053898,77.59701769287207,91.60939769910199,High,Environmental
B_007,Building B - Science Block,88,30,479,Medium,Clear,1,Steel,2025-02-09,Yes,Yes,12.97212090760692,77.59867108308073,85.19349655117584,High,Environmental
B_008,Building G - Medical,76,23,375,Medium,Rain,1,Composite,2024-12-28,Yes,Yes,12.96831154981441,77.59515890596117,85.9919036209826,High,Structural Damage
B_009,Building A - Main Campus,76,10,343,Medium,Clear,5,Concrete,2025-04-11,Yes,Yes,12.972518998757257,77.59447308219598,79.8636551429143,High,Crowd Control
B_010,Building A - Main Campus,89,5,152,Low,Rain,3,Composite,2024-11-15,Yes,Yes,12.971295852464312,77.59361627389534,65.92194482153306,Medium,Fire Hazard
B_011,Building B - Science Block,25,34,146,Low,Clear,3,Brick,2025-05-07,No,Yes,12.973962742716704,77.59455407116891,68.16243918848892,Medium,Environmental
B_012,Building D - Hostel,4,31,125,Low,Clear,2,Steel,2025-10-29,Yes,Yes,12.976315726339056,77.59571947634097,38.33347121092309,Medium,Medical Emergency
B_013,Building D - Hostel,23,10,397,Low,Clear,0,Steel,2024-09-26,Yes,Yes,12.97537718430028,77.59584230227466,27.8495943045505,Low,Structural Damage
B_014,Building A - Main Campus,54,19,70,Medium,Snow,4,Composite,2026-01-01,Yes,Yes,12.970226443608068,77.59218700731192,88.64046795029267,High,Structural Damage
B_015,Building D - Hostel,3,32,48,Medium,Clear,4,Concrete,2024-07-17,Yes,Yes,12.976068575069954,77.5969165461722,52.80069988426772,Medium,Medical Emergency
B_016,Building G - Medical,89,1,481,Low,Clear,3,Brick,2025-11-28,Yes,Yes,12.967860598028063,77.593547519923,69.25494415186175,Medium,Structural Damage
B_017,Building D - Hostel,31,5,315,Medium,Clear,4,Steel,2025-01-27,Yes,Yes,12.976352324893027,77.59595888975996,55.57659942230774,Medium,Medical Emergency
B_018,Building H - Cafeteria,39,4,316,Low,Rain,2,Steel,2025-06-05,Yes,Yes,12.974563108456307,77.59367565746884,54.70711901611638,Medium,Medical Emergency
B_019,Building E - Library,3,16,426,High,Rain,4,Concrete,2024-03-26,Yes,Yes,12.971435424471892,77.5958362113,80.87884076527585,High,Medical Emergency
B_020,Building A - Main Campus,65,24,424,High,Rain,2,Concrete,2025-11-11,Yes,Yes,12.97212480579639,77.59609541366248,94.85688535518487,High,Crowd Control
B_021,Building C - Admin,61,16,365,Low,Clear,1,Brick,2024-03-24,No,Yes,12.968435609234927,77.58948278542627,58.007366989462966,Medium,Fire Hazard
B_022,Building G - Medical,22,2,439,Medium,Rain,3,Composite,2025-12-10,Yes,Yes,12.969741353526606,77.59393550131853,57.6679090185001,Medium,Fire Hazard
B_023,Building F - Sports,34,28,201,Low,Clear,5,Concrete,2025-12-20,Yes,Yes,12.972868963514124,77.59184397213828,68.87260062522842,Medium,Security Breach
B_024,Building E - Library,77,32,20,Medium,Storm,4,Composite,2025-05-12,Yes,Yes,12.97207998641318,77.59641060755749,95.63226724611117,High,Crowd Control
B_025,Building C - Admin,59,27,586,Medium,Rain,2,Brick,2025-06-30,Yes,Yes,12.969274728546063,77.58944043471801,92.90946373375483,High,Security Breach
B_026,Building D - Hostel,23,20,390,Low,Clear,5,Composite,2025-12-31,Yes,Yes,12.976239759441782,77.59534994154421,73.35447748877607,High,Environmental
B_027,Building F - Sports,90,24,450,Medium,Clear,4,Steel,2024-04-24,Yes,Yes,12.973173472986945,77.59232823582909,100.0,High,Fire Hazard
B_028,Building B - Science Block,50,12,328,Low,Clear,6,Composite,2025-08-17,Yes,Yes,12.972433343866943,77.59870237542067,66.89282512823266,Medium,Fire Hazard
B_029,Building B - Science Block,92,35,156,Low,Clear,1,Brick,2025-05-21,No,Yes,12.973333522613052,77.59713020330537,75.03979392925191,High,Fire Hazard
B_030,Building G - Medical,60,33,221,Medium,Clear,1,Brick,2025-09-13,No,Yes,12.96888999188833,77.5948982002781,71.55773746027027,High,Structural Damage
B_031,Building B - Science Block,43,33,455,Medium,Rain,8,Brick,2024-09-23,No,Yes,12.973495378311096,77.59797080718555,100.0,High,Security Breach
B_032,Building F - Sports,93,12,332,Medium,Clear,1,Composite,2024-03-06,Yes,Yes,12.972990220784318,77.59220858464535,73.02952133398735,High,Crowd Control
B_033,Building F - Sports,61,3,136,Medium,Clear,5,Steel,2025-09-25,Yes,Yes,12.975376284116154,77.59163969175734,62.870378003853666,Medium,Security Breach
B_034,Building E - Library,81,1,594,High,Clear,3,Concrete,2024-06-22,Yes,Yes,12.969865426613426,77.59458018666766,83.7087679958635,High,Environmental
B_035,Building A - Main Campus,16,33,263,Low,Clear,4,Steel,2025-06-11,Yes,Yes,12.97040468320181,77.59583534865075,66.63086860764194,Medium,Fire Hazard
B_036,Building H - Cafeteria,63,10,556,Medium,Storm,3,Composite,2024-10-01,Yes,Yes,12.972319924506774,77.59125001395348,90.03328522341575,High,Crowd Control
B_037,Building B - Science Block,63,29,94,Medium,Clear,1,Composite,2024-02-04,Yes,Yes,12.975964212441,77.59792676447766,59.48329143940338,Medium,Security Breach
B_038,Building G - Medical,48,13,405,Medium,Rain,1,Concrete,2025-05-03,Yes,Yes,12.97006031671988,77.59684422517994,60.95293657944311,Medium,Fire Hazard
B_039,Building B - Science Block,63,12,229,High,Storm,3,Composite,2025-01-08,Yes,Yes,12.975239455720828,77.59838113747583,94.96487131775459,High,Fire Hazard
B_040,Building E - Library,52,31,494,Medium,Rain,1,Brick,2025-08-02,Yes,Yes,12.971429213940825,77.59752278509616,79.65636580677874,High,Crowd Control
B_041,Building F - Sports,56,2,437,Medium,Storm,4,Brick,2024-05-10,No,Yes,12.972359032868289,77.59188679289754,88.9020292803499,High,Environmental
B_042,Building D - Hostel,65,35,366,Medium,Clear,0,Brick,2024-05-09,Yes,Yes,12.976174320494074,77.59547321740563,59.35444578967201,Medium,Medical Emergency
B_043,Building B - Science Block,4,23,548,High,Snow,3,Brick,2025-09-25,Yes,Yes,12.972534580490285,77.59733386959869,83.07594167030506,High,Crowd Control
B_044,Building A - Main Campus,52,17,198,High,Clear,5,Brick,2025-08-06,Yes,Yes,12.970612067392095,77.59466437257088,86.58102785983486,High,Medical Emergency
B_045,Building D - Hostel,8,26,201,Medium,Clear,2,Composite,2025-03-08,Yes,Yes,12.973819542847993,77.59594103851052,46.74836196829962,Medium,Environmental
B_046,Building E - Library,22,8,44,Medium,Rain,3,Concrete,2025-10-02,No,Yes,12.968968725504432,77.59619652694,56.26504607095836,Medium,Structural Damage
B_047,Building B - Science Block,74,29,199,Low,Storm,3,Concrete,2024-06-07,Yes,Yes,12.974004101074481,77.5983911467115,87.30391253810465,High,Crowd Control
B_048,Building D - Hostel,40,26,520,Low,Storm,1,Brick,2025-12-25,Yes,Yes,12.976272359208883,77.59591973391449,81.11218692796,High,Medical Emergency
B_049,Building B - Science Block,19,10,180,Medium,Clear,3,Composite,2025-03-07,Yes,Yes,12.972380726684753,77.59858060835487,50.09159226979502,Medium,Environmental
B_050,Building G - Medical,5,26,196,Low,Clear,4,Steel,2024-06-10,No,Yes,12.968503598635495,77.59569457582046,62.830888603266516,Medium,Security Breach
B_051,Building E - Library,90,34,304,Medium,Storm,2,Steel,2024-02-27,Yes,Yes,12.971227704757482,77.59795890151473,100.0,High,Fire Hazard
B_052,Building H - Cafeteria,61,7,82,Low,Clear,0,Composite,2025-01-01,No,Yes,12.971624868484017,77.5917812358928,36.72858713599675,Medium,Structural Damage
B_053,Building F - Sports,15,4,175,Medium,Rain,5,Brick,2024-12-10,Yes,Yes,12.971307347475841,77.59041842066543,53.408323617482196,Medium,Crowd Control
B_054,Building C - Admin,10,11,488,Medium,Storm,4,Concrete,2025-07-01,Yes,Yes,12.966963225251394,77.59054200291695,76.24939559600165,High,Medical Emergency
B_055,Building F - Sports,91,29,68,High,Clear,3,Composite,2025-11-04,Yes,Yes,12.973667416953033,77.59215369992526,86.77384376722242,High,Security Breach
B_056,Building F - Sports,54,25,103,Low,Clear,3,Steel,2024-05-24,No,Yes,12.972566959087926,77.59366095943646,76.22590426497989,High,Medical Emergency
B_057,Building D - Hostel,3,21,380,Medium,Clear,3,Steel,2024-02-13,Yes,Yes,12.975501851517036,77.59582091680815,60.97881163269151,Medium,Environmental
B_058,Building E - Library,85,10,167,High,Clear,4,Steel,2024-04-18,Yes,Yes,12.97055214848667,77.59626169193353,82.13499213094971,High,Crowd Control
B_059,Building B - Science Block,93,9,361,Low,Storm,3,Brick,2025-05-17,Yes,Yes,12.97413097448983,77.5969665033108,90.93781762510636,High,Environmental
B_060,Building C - Admin,61,24,495,High,Clear,4,Steel,2025-10-08,Yes,Yes,12.967899422173486,77.59028146938542,100.0,High,Medical Emergency
B_061,Building D - Hostel,72,35,82,Medium,Storm,2,Composite,2024-02-07,Yes,No,12.975102391633438,77.59573348202808,93.37474147844179,High,Crowd Control
B_062,Building C - Admin,45,35,379,Medium,Clear,2,Composite,2025-03-18,No,Yes,12.968258671880237,77.58958844870178,74.69460989008759,High,Medical Emergency
B_063,Building H - Cafeteria,9,18,580,High,Snow,2,Steel,2024-02-20,Yes,Yes,12.970926710881534,77.59195941124726,76.48717930735465,High,Fire Hazard
B_064,Building G - Medical,48,32,346,Low,Clear,3,Composite,2024-05-16,Yes,Yes,12.96878026787819,77.59544333010986,68.47108426429602,Medium,Crowd Control
B_065,Building E - Library,36,24,160,Medium,Clear,4,Steel,2025-09-19,Yes,Yes,12.970771884834251,77.59751855082379,77.97717718775665,High,Crowd Control
B_066,Building D - Hostel,79,23,234,High,Clear,5,Steel,2024-06-20,Yes,Yes,12.976625386564544,77.59514008567287,100.0,High,Structural Damage
B_067,Building F - Sports,82,32,454,Low,Rain,6,Concrete,2025-12-09,Yes,Yes,12.973481584984388,77.59158587927807,100.0,High,Fire Hazard
B_068,Building A - Main Campus,37,12,337,Medium,Rain,2,Brick,2025-01-30,Yes,Yes,12.97144132649452,77.59585236709665,63.328517975106706,Medium,Crowd Control
B_069,Building D - Hostel,51,13,51,High,Storm,2,Brick,2024-07-24,Yes,No,12.976153768462815,77.59524757574493,81.36548891320089,High,Security Breach
B_070,Building A - Main Campus,5,23,304,Low,Clear,2,Concrete,2024-11-08,Yes,Yes,12.972088793315526,77.59333428734783,47.066288815547416,Medium,Medical Emergency
B_071,Building F - Sports,3,25,324,High,Clear,5,Concrete,2024-03-14,Yes,Yes,12.97284731298114,77.59010040844915,68.31024675963216,Medium,Security Breach
B_072,Building G - Medical,7,35,448,Medium,Rain,6,Brick,2025-01-06,Yes,Yes,12.968615600374132,77.59518463969827,77.3062158606305,High,Medical Emergency
B_073,Building E - Library,55,30,496,Medium,Clear,5,Steel,2025-11-11,Yes,Yes,12.967929754002572,77.59840251185906,89.25762524619284,High,Environmental
B_074,Building B - Science Block,5,17,305,Medium,Clear,0,Steel,2024-08-20,No,Yes,12.974334492720704,77.5957614668775,36.0119929252436,Medium,Medical Emergency
B_075,Building D - Hostel,55,20,163,Low,Snow,0,Brick,2024-03-28,No,Yes,12.977998498606693,77.59827410389249,62.36397697258507,Medium,Structural Damage
B_076,Building F - Sports,94,25,443,High,Snow,2,Steel,2025-02-05,No,Yes,12.97241950834101,77.5906735109353,100.0,High,Environmental
B_077,Building D - Hostel,64,22,38,High,Storm,0,Concrete,2026-01-08,Yes,Yes,12.977286303574203,77.59525620986257,69.35532479988835,Medium,Crowd Control
B_078,Building H - Cafeteria,19,13,37,Medium,Rain,5,Steel,2024-11-16,Yes,Yes,12.971761039507813,77.59381728973393,58.33433398948415,Medium,Medical Emergency
B_079,Building G - Medical,91,19,390,Medium,Clear,4,Steel,2024-09-06,Yes,Yes,12.969446488536207,77.59435894574969,98.56950767730143,High,Structural Damage
B_080,Building H - Cafeteria,45,12,194,Medium,Clear,4,Composite,2025-10-04,Yes,Yes,12.970327605022796,77.59196945690427,66.91475186354188,Medium,Security Breach
B_081,Building C - Admin,35,19,213,Medium,Rain,0,Composite,2024-11-03,Yes,Yes,12.968339230153743,77.58836143681097,45.383627631063476,Medium,Environmental
B_082,Building E - Library,75,12,521,Medium,Storm,3,Composite,2025-01-15,Yes,No,12.96945206418179,77.59663360131664,100.0,High,Environmental
B_083,Building C - Admin,63,9,132,Medium,Clear,3,Steel,2024-04-10,Yes,Yes,12.966750295854329,77.58872083698438,59.841371498555304,Medium,Structural Damage
B_084,Building D - Hostel,15,7,133,Medium,Clear,4,Brick,2024-10-07,Yes,Yes,12.977544593993597,77.59525453135286,52.65916443355844,Medium,Security Breach
B_085,Building E - Library,96,28,241,Medium,Clear,1,Concrete,2024-01-27,No,Yes,12.970129276591795,77.59625005416548,81.78302038105917,High,Environmental
B_086,Building G - Medical,49,14,283,Medium,Rain,1,Steel,2025-08-17,Yes,Yes,12.969265847618546,77.59517486886983,67.89640413793066,Medium,Crowd Control
B_087,Building G - Medical,16,31,74,Low,Storm,4,Brick,2024-11-01,No,Yes,12.970104866153177,77.59420924158694,78.18206492816005,High,Medical Emergency
B_088,Building F - Sports,73,19,477,Low,Rain,3,Steel,2025-07-24,Yes,Yes,12.972386162576862,77.59291277311799,85.45476849808925,High,Fire Hazard
B_089,Building D - Hostel,79,16,181,Medium,Clear,6,Concrete,2024-08-04,Yes,Yes,12.97408969524553,77.59554241798345,89.00637693440194,High,Security Breach
B_090,Building C - Admin,88,5,399,Medium,Snow,2,Steel,2024-03-25,Yes,Yes,12.968735246540351,77.58882331713991,83.25576947543121,High,Medical Emergency
B_091,Building H - Cafeteria,63,35,106,Medium,Rain,2,Concrete,2025-04-19,Yes,Yes,12.971484863396508,77.5916883235392,76.70405697021535,High,Fire Hazard
B_092,Building B - Science Block,41,12,74,Medium,Clear,3,Steel,2024-04-30,No,Yes,12.974137169070701,77.5962617933445,58.85891589743452,Medium,Environmental
B_093,Building A - Main Campus,86,25,495,Medium,Clear,5,Concrete,2024-07-18,No,Yes,12.97266233366242,77.59452669484291,100.0,High,Fire Hazard
B_094,Building B - Science Block,81,21,197,Medium,Clear,5,Steel,2024-09-12,Yes,Yes,12.973051966140567,77.59659530290034,93.52604929207365,High,Security Breach
B_095,Building C - Admin,83,23,410,Medium,Clear,3,Concrete,2024-10-01,Yes,Yes,12.969630657795987,77.58894813786597,92.15320481384838,High,Medical Emergency
B_096,Building C - Admin,54,16,368,Medium,Snow,4,Composite,2024-10-31,No,Yes,12.967432751440505,77.590651463319,93.66357819090625,High,Environmental
B_097,Building G - Medical,25,14,27,Medium,Clear,6,Steel,2024-05-24,Yes,Yes,12.968695694186506,77.59450551768586,65.70607614477716,Medium,Environmental
B_098,Building B - Science Block,27,31,332,High,Storm,1,Steel,2025-04-21,No,Yes,12.974318803775736,77.59775795760278,83.37415438015134,High,Environmental
B_099,Building G - Medical,90,5,462,Medium,Clear,4,Brick,2025-02-24,Yes,Yes,12.97133085154587,77.59376504963171,88.9117521410612,High,Environmental
B_100,Building G - Medical,61,35,347,Low,Clear,2,Brick,2025-05-14,Yes,Yes,12.969389488663401,77.59446682185973,75.90832352970861,High,Fire Hazard
B_101,Building H - Cafeteria,42,23,73,Low,Clear,1,Concrete,2025-10-24,Yes,Yes,12.972221234952574,77.59388862312784,46.16590996644985,Medium,Environmental
B_102,Building E - Library,30,29,258,Low,Clear,6,Steel,2025-04-10,Yes,Yes,12.970673616509629,77.59646233616964,67.5683913597609,Medium,Structural Damage
B_103,Building A - Main Campus,16,11,248,Medium,Clear,4,Concrete,2024-10-16,Yes,Yes,12.97011700813217,77.5947123811898,59.16601494011974,Medium,Environmental
B_104,Building B - Science Block,46,18,598,Medium,Storm,2,Composite,2025-05-16,Yes,Yes,12.972849699990004,77.5982184363106,92.38998135306738,High,Environmental
B_105,Building E - Library,66,12,70,Medium,Rain,3,Brick,2024-10-02,Yes,Yes,12.97019031581078,77.59635936194563,73.81547588139117,High,Structural Damage
B_106,Building F - Sports,90,9,283,Medium,Rain,7,Concrete,2024-06-16,Yes,No,12.971139731985417,77.58978854791624,97.05337733818847,High,Medical Emergency
B_107,Building B - Science Block,72,10,437,Low,Clear,2,Concrete,2024-05-06,Yes,Yes,12.975360987040183,77.59772968390956,63.14495657013842,Medium,Crowd Control
B_108,Building E - Library,10,17,115,Medium,Clear,2,Brick,2024-03-07,Yes,Yes,12.97100433547763,77.59568770503681,45.70876793272917,Medium,Structural Damage
B_109,Building G - Medical,89,7,107,Low,Clear,3,Steel,2024-12-28,Yes,Yes,12.970475523607178,77.59529513989591,67.71561806740635,Medium,Security Breach
B_110,Building C - Admin,2,13,97,Medium,Rain,0,Concrete,2025-02-10,Yes,Yes,12.967797572805578,77.58854049456416,29.388826437248213,Low,Medical Emergency
B_111,Building H - Cafeteria,9,9,307,Low,Clear,4,Brick,2025-12-22,Yes,Yes,12.970867472316174,77.59257171735129,48.14534537795217,Medium,Environmental
B_112,Building A - Main Campus,89,27,139,High,Clear,6,Steel,2024-09-01,No,Yes,12.97176710700314,77.59463839400824,100.0,High,Fire Hazard
B_113,Building E - Library,64,2,510,Low,Rain,4,Composite,2025-02-22,No,Yes,12.97189873010864,77.5958850431499,87.14717867869358,High,Structural Damage
B_114,Building C - Admin,12,5,471,High,Clear,1,Brick,2025-07-18,Yes,Yes,12.967513338008972,77.58960009902185,41.22185751191915,Medium,Medical Emergency
B_115,Building B - Science Block,82,29,519,Medium,Clear,3,Concrete,2024-09-08,Yes,Yes,12.97180691518417,77.59829573749852,96.68967033309876,High,Medical Emergency
B_116,Building E - Library,9,19,184,High,Clear,1,Composite,2025-06-17,No,Yes,12.970697963264476,77.59626196195909,57.5260247567673,Medium,Environmental
B_117,Building D - Hostel,36,8,201,Medium,Storm,2,Steel,2025-01-22,No,Yes,12.975206447126752,77.59650999578213,68.01243241584731,Medium,Crowd Control
B_118,Building C - Admin,36,1,488,Medium,Rain,2,Steel,2025-05-01,Yes,Yes,12.96947814793534,77.5893536281416,50.49472582918332,Medium,Fire Hazard
B_119,Building F - Sports,34,22,26,Medium,Clear,2,Brick,2025-02-06,Yes,Yes,12.973191768823558,77.59246337046184,53.08023371020357,Medium,Fire Hazard
B_120,Building C - Admin,6,17,349,Medium,Clear,4,Brick,2025-04-09,Yes,Yes,12.968935526225625,77.58939453498037,67.35207097642966,Medium,Fire Hazard
B_121,Building A - Main Campus,42,7,170,Medium,Snow,7,Brick,2024-05-20,Yes,Yes,12.971981167707492,77.59356091335707,74.4856813903381,High,Security Breach
B_122,Building F - Sports,29,25,104,Medium,Rain,1,Steel,2024-02-02,Yes,Yes,12.972671105569294,77.59136687374438,55.55440626688313,Medium,Medical Emergency
B_123,Building H - Cafeteria,8,4,166,Medium,Clear,5,Composite,2025-04-13,Yes,Yes,12.971210134376207,77.59087347898814,48.21700588283273,Medium,Security Breach
B_124,Building A - Main Campus,74,6,400,Low,Storm,4,Steel,2024-06-30,No,Yes,12.970572402248589,77.59411410517588,92.58087186485815,High,Security Breach
B_125,Building B - Science Block,73,31,567,Medium,Clear,4,Concrete,2026-01-10,No,Yes,12.974395039180639,77.5978858234904,100.0,High,Medical Emergency
B_126,Building F - Sports,13,19,304,Medium,Rain,5,Steel,2024-08-09,Yes,Yes,12.973539674248029,77.5928429133824,70.19400270501862,High,Fire Hazard
B_127,Building E - Library,35,27,101,Medium,Rain,4,Concrete,2025-07-09,Yes,Yes,12.970929309145248,77.59674029341068,80.8486463330696,High,Medical Emergency
B_128,Building D - Hostel,34,10,533,Medium,Clear,5,Composite,2025-10-25,Yes,Yes,12.974627006003315,77.59758667126458,69.47010976347893,Medium,Crowd Control
B_129,Building A - Main Campus,49,26,542,Medium,Snow,5,Brick,2025-05-18,No,Yes,12.97018215592829,77.5947187340882,100.0,High,Medical Emergency
B_130,Building D - Hostel,24,19,405,High,Rain,3,Brick,2024-11-30,Yes,Yes,12.976432799003545,77.59644673757754,88.7060903943119,High,Environmental
B_131,Building B - Science Block,63,3,490,Low,Rain,6,Steel,2024-09-07,Yes,Yes,12.97234491090956,77.59718009699714,84.33063110969667,High,Medical Emergency
B_132,Building B - Science Block,89,13,138,Medium,Clear,6,Brick,2024-07-01,Yes,Yes,12.972701045227883,77.59561956577043,88.39782672959363,High,Structural Damage
B_133,Building H - Cafeteria,38,28,415,Medium,Clear,4,Composite,2025-05-19,Yes,Yes,12.971730326741746,77.59188238460376,80.965073460373,High,Crowd Control
B_134,Building B - Science Block,45,20,551,Medium,Clear,5,Brick,2024-02-13,Yes,No,12.975005482284711,77.5982151744382,95.72753554665795,High,Structural Damage
B_135,Building C - Admin,87,28,280,High,Rain,3,Steel,2024-09-20,Yes,No,12.968641401950215,77.58912730046764,100.0,High,Fire Hazard
B_136,Building C - Admin,92,8,275,Low,Clear,0,Composite,2024-03-30,Yes,Yes,12.968715116069786,77.58934412618409,49.92414719919339,Medium,Fire Hazard
B_137,Building H - Cafeteria,36,1,245,Medium,Rain,0,Concrete,2024-01-23,No,Yes,12.971669539108893,77.59450163577084,33.21395915003954,Medium,Environmental
B_138,Building C - Admin,66,3,72,Medium,Rain,7,Steel,2024-09-05,No,Yes,12.967535243844653,77.58943135813135,74.3389846509844,High,Environmental
B_139,Building E - Library,48,13,519,Medium,Clear,3,Concrete,2024-10-19,No,Yes,12.9713063884003,77.5961998591582,76.0549005362173,High,Environmental
B_140,Building G - Medical,79,28,525,Medium,Rain,8,Composite,2026-01-03,Yes,Yes,12.971180541840608,77.59527845915301,100.0,High,Crowd Control
B_141,Building D - Hostel,4,25,383,Medium,Clear,2,Steel,2025-10-17,Yes,No,12.97488110958483,77.59580406870228,59.83935674372487,Medium,Security Breach
B_142,Building D - Hostel,2,33,299,Medium,Snow,4,Steel,2025-03-25,Yes,Yes,12.974895391265813,77.59480334168565,71.81037628265149,High,Medical Emergency
B_143,Building E - Library,6,6,177,Medium,Clear,3,Composite,2025-06-08,No,No,12.97045980202029,77.5978637611619,43.734222040204585,Medium,Structural Damage
B_144,Building G - Medical,91,32,78,Low,Clear,5,Brick,2024-12-02,Yes,Yes,12.970345445039785,77.5945774223935,89.50414150754081,High,Crowd Control
B_145,Building F - Sports,15,21,147,Medium,Clear,2,Steel,2024-02-12,Yes,Yes,12.973381186194802,77.59186861871042,43.85805007635976,Medium,Structural Damage
B_146,Building H - Cafeteria,28,16,134,Low,Clear,0,Steel,2025-05-16,Yes,Yes,12.970430106974375,77.59245486238082,34.88745996780543,Medium,Medical Emergency
B_147,Building H - Cafeteria,10,21,228,Medium,Rain,1,Concrete,2025-03-13,Yes,Yes,12.97152684040402,77.59336169033693,47.46666755634084,Medium,Security Breach
B_148,Building B - Science Block,80,11,545,Medium,Rain,4,Brick,2024-03-12,Yes,Yes,12.972933529499398,77.59668733542433,99.10240411039139,High,Structural Damage
B_149,Building D - Hostel,16,35,540,Medium,Rain,5,Concrete,2024-06-04,Yes,Yes,12.975554453043213,77.594954575496,83.77797317122965,High,Crowd Control
B_150,Building D - Hostel,91,19,571,Medium,Clear,4,Concrete,2025-01-08,Yes,Yes,12.975276490780416,77.59551912042711,100.0,High,Medical Emergency
B_151,Building B - Science Block,43,20,256,Low,Clear,3,Brick,2024-09-23,Yes,Yes,12.973116955836275,77.59856318274285,67.46391463947631,Medium,Environmental
B_152,Building F - Sports,78,18,300,Medium,Clear,4,Brick,2024-07-03,No,Yes,12.974014295106004,77.59246291074295,100.0,High,Environmental
B_153,Building A - Main Campus,52,14,378,Medium,Rain,7,Composite,2024-07-26,Yes,Yes,12.969828802834845,77.5939580263377,88.09911961832367,High,Environmental
B_154,Building D - Hostel,64,15,220,Medium,Storm,2,Brick,2025-02-02,Yes,Yes,12.975421347880967,77.59375372674066,80.17160765251727,High,Medical Emergency
B_155,Building D - Hostel,97,31,297,High,Clear,1,Steel,2024-11-11,Yes,Yes,12.974724108282851,77.59540857003077,86.13278464923289,High,Security Breach
B_156,Building A - Main Campus,53,1,254,Low,Clear,4,Brick,2024-07-06,No,No,12.971151025918871,77.5946086501773,59.36635757749571,Medium,Crowd Control
B_157,Building B - Science Block,97,3,513,Medium,Rain,2,Composite,2025-02-16,Yes,Yes,12.972119171638722,77.59713971764928,77.88997731339549,High,Environmental
B_158,Building A - Main Campus,5,16,23,Medium,Storm,5,Composite,2025-01-25,No,Yes,12.971751909750727,77.59461020147143,71.92946165130375,High,Medical Emergency
B_159,Building D - Hostel,95,23,461,Medium,Rain,0,Composite,2024-02-01,Yes,Yes,12.976046893577648,77.595988574362,81.8860729984572,High,Structural Damage
B_160,Building B - Science Block,24,11,48,Low,Storm,4,Brick,2024-10-13,No,Yes,12.973092893031245,77.59772011888307,75.36285335914728,High,Environmental
B_161,Building A - Main Campus,16,12,128,Low,Clear,1,Brick,2025-04-18,No,Yes,12.970800006905305,77.59432977168098,33.879436267594095,Medium,Fire Hazard
B_162,Building F - Sports,44,10,94,High,Clear,3,Concrete,2025-03-13,Yes,Yes,12.97154438252805,77.59266542443227,57.17486305802135,Medium,Crowd Control
B_163,Building B - Science Block,30,32,165,Medium,Storm,0,Concrete,2025-05-08,Yes,Yes,12.973226505699468,77.59866394344623,51.069958141797315,Medium,Structural Damage
B_164,Building D - Hostel,37,16,147,Medium,Rain,2,Steel,2025-05-29,Yes,Yes,12.975911496068688,77.59471433773835,65.85890908404427,Medium,Security Breach
B_165,Building E - Library,14,8,61,Medium,Clear,2,Concrete,2025-09-19,Yes,Yes,12.970851106599001,77.59740971826508,30.40379252550611,Medium,Security Breach
B_166,Building H - Cafeteria,33,12,375,Medium,Rain,6,Steel,2025-07-07,Yes,No,12.971522419208398,77.59267402935235,83.6759844796729,High,Medical Emergency
B_167,Building D - Hostel,72,24,60,Low,Storm,1,Composite,2025-03-03,Yes,No,12.975048542691646,77.59562410322648,73.7005360597658,High,Security Breach
B_168,Building C - Admin,60,28,53,Medium,Rain,3,Concrete,2025-09-20,Yes,Yes,12.968837898188802,77.58902118418588,78.08597038915613,High,Fire Hazard
B_169,Building H - Cafeteria,87,8,36,Medium,Rain,3,Brick,2024-07-21,Yes,Yes,12.97052070406332,77.5938879704996,81.35834211310315,High,Environmental
B_170,Building D - Hostel,29,28,172,High,Clear,2,Concrete,2024-02-14,Yes,Yes,12.976204120505985,77.59505234189463,59.757601202247564,Medium,Structural Damage
B_171,Building H - Cafeteria,67,26,397,Low,Rain,2,Steel,2025-07-15,Yes,Yes,12.971819657257159,77.59112142133233,84.50049573344441,High,Environmental
B_172,Building G - Medical,43,8,361,Medium,Rain,5,Concrete,2025-07-08,Yes,Yes,12.96762292902609,77.59568413308747,73.59798250212923,High,Crowd Control
B_173,Building D - Hostel,46,28,46,Medium,Storm,5,Composite,2025-06-13,Yes,Yes,12.975829551140261,77.59555229753052,90.56950357346066,High,Environmental
B_174,Building B - Science Block,63,28,306,Medium,Storm,1,Brick,2024-09-12,Yes,No,12.973732657204813,77.60082613165892,91.8554519626074,High,Medical Emergency
B_175,Building B - Science Block,58,27,187,Medium,Storm,2,Steel,2025-04-12,Yes,No,12.974369095286244,77.59655455973362,86.25680028373031,High,Environmental
B_176,Building G - Medical,7,17,287,Medium,Clear,2,Brick,2024-05-27,No,Yes,12.96791962360808,77.59565453576336,52.9752402502773,Medium,Crowd Control
B_177,Building F - Sports,29,9,474,Medium,Rain,0,Brick,2024-08-01,Yes,Yes,12.97345609585423,77.59217506076754,48.647425167112075,Medium,Structural Damage
B_178,Building G - Medical,29,33,420,Medium,Rain,1,Steel,2024-05-19,Yes,Yes,12.9687871209691,77.59496328538988,62.35398921439079,Medium,Fire Hazard
B_179,Building G - Medical,45,20,495,Medium,Rain,2,Brick,2025-04-06,Yes,Yes,12.968876654831256,77.59526278188602,88.3493963735501,High,Structural Damage
B_180,Building H - Cafeteria,85,13,577,High,Rain,3,Brick,2025-10-10,No,Yes,12.972582656907273,77.59205652724117,100.0,High,Structural Damage
B_181,Building A - Main Campus,31,28,595,Medium,Storm,3,Concrete,2025-07-06,No,Yes,12.972731810161216,77.59471485239956,95.23597441585204,High,Medical Emergency
B_182,Building B - Science Block,63,29,149,Medium,Clear,2,Brick,2025-03-23,No,Yes,12.97399187321244,77.59629036663631,71.41729220844596,High,Crowd Control
B_183,Building A - Main Campus,76,13,382,Low,Rain,3,Brick,2025-06-02,Yes,Yes,12.971832214505955,77.59392441561259,82.90160187476468,High,Structural Damage
B_184,Building G - Medical,93,35,311,High,Clear,2,Brick,2025-01-16,Yes,Yes,12.970074633454013,77.59606716266966,92.13055774678931,High,Structural Damage
B_185,Building F - Sports,90,6,390,Low,Clear,4,Brick,2025-07-21,Yes,Yes,12.972889520209316,77.59069914509357,83.90528169306494,High,Fire Hazard
B_186,Building B - Science Block,63,18,48,Low,Rain,2,Steel,2025-03-17,Yes,Yes,12.974126466091777,77.59800178874579,71.94751094733822,High,Security Breach
B_187,Building D - Hostel,98,5,168,Low,Rain,7,Composite,2026-01-06,No,Yes,12.9776586017464,77.5958539679609,89.42037863785649,High,Fire Hazard
B_188,Building D - Hostel,2,25,315,Medium,Clear,3,Concrete,2024-01-26,Yes,Yes,12.975014525008776,77.59637064122565,56.59142335015063,Medium,Crowd Control
B_189,Building D - Hostel,28,2,30,Low,Clear,5,Brick,2024-07-23,Yes,Yes,12.975472321927695,77.59568025098972,40.72749540073124,Medium,Crowd Control
B_190,Building H - Cafeteria,63,10,531,Low,Rain,1,Brick,2025-09-13,Yes,Yes,12.970671523969624,77.5924775651872,63.7906659015849,Medium,Medical Emergency
B_191,Building C - Admin,78,30,132,Low,Clear,0,Steel,2025-04-15,No,Yes,12.96863080469749,77.58947165132427,62.8916241366927,Medium,Environmental
B_192,Building G - Medical,4,5,206,Low,Clear,2,Composite,2025-12-05,Yes,No,12.969009112637568,77.59488822913035,28.012753486614262,Low,Environmental
B_193,Building C - Admin,71,33,246,Medium,Clear,5,Brick,2025-11-26,Yes,Yes,12.967676527583158,77.58844100539947,93.9195933460494,High,Environmental
B_194,Building E - Library,73,1,329,Medium,Clear,1,Steel,2024-07-03,Yes,Yes,12.971309536170725,77.59721775017809,46.23405956108734,Medium,Security Breach
B_195,Building H - Cafeteria,28,18,117,Medium,Clear,1,Concrete,2025-03-27,Yes,Yes,12.97029239551932,77.59077044495358,42.09420843939406,Medium,Crowd Control
B_196,Building D - Hostel,10,32,74,Medium,Clear,4,Concrete,2024-02-06,Yes,Yes,12.974591257954604,77.59547170100554,60.64188608661028,Medium,Security Breach
B_197,Building B - Science Block,63,11,425,Medium,Clear,3,Brick,2025-09-13,No,Yes,12.974654349574765,77.59744725543219,86.44720536523752,High,Environmental
B_198,Building H - Cafeteria,38,21,88,Low,Storm,4,Brick,2024-04-07,Yes,No,12.970830638951272,77.59274858622909,84.30903405498758,High,Environmental
B_199,Building B - Science Block,98,26,331,Medium,Rain,2,Composite,2024-09-05,Yes,Yes,12.97338598388475,77.59621899269254,99.57468905484579,High,Fire Hazard
B_200,Building A - Main Campus,52,25,308,High,Rain,4,Composite,2025-10-07,Yes,Yes,12.970224937115082,77.59325180249789,96.93045127683581,High,Crowd Control
B_201,Building A - Main Campus,45,22,567,Medium,Clear,2,Brick,2026-01-08,Yes,Yes,12.974079851534908,77.59545998144027,84.25158131847984,High,Environmental
B_202,Building B - Science Block,25,27,167,Low,Clear,6,Steel,2024-06-12,No,Yes,12.972906283941464,77.59870826682283,68.32219254184908,Medium,Structural Damage
B_203,Building D - Hostel,80,13,486,Medium,Rain,3,Composite,2025-04-04,Yes,Yes,12.975031943712338,77.59667518039697,96.38051552215634,High,Crowd Control
B_204,Building C - Admin,60,33,263,Medium,Clear,3,Brick,2024-09-27,Yes,Yes,12.96868030645707,77.58894114875021,82.26349551236757,High,Security Breach
B_205,Building G - Medical,33,34,510,Medium,Clear,5,Composite,2024-09-17,No,Yes,12.970279820345828,77.59473751957272,96.01590936408148,High,Crowd Control
B_206,Building H - Cafeteria,97,35,526,Low,Rain,4,Brick,2024-10-26,Yes,Yes,12.97199826777218,77.59281550702319,100.0,High,Medical Emergency
B_207,Building H - Cafeteria,89,1,384,Low,Rain,1,Concrete,2025-02-06,Yes,Yes,12.97180501477287,77.59340055388809,56.10483193102962,Medium,Structural Damage
B_208,Building D - Hostel,53,21,501,Low,Clear,4,Brick,2025-07-16,Yes,Yes,12.978183806848818,77.59684879190056,89.8185195378392,High,Environmental
B_209,Building G - Medical,63,6,220,High,Clear,3,Concrete,2025-11-29,Yes,No,12.969819645160284,77.5942893930851,72.88505593365944,High,Medical Emergency
B_210,Building A - Main Campus,59,28,173,Medium,Rain,5,Composite,2025-05-07,Yes,Yes,12.971399265081999,77.59334387070538,89.89425707538985,High,Fire Hazard
B_211,Building C - Admin,53,17,469,Low,Clear,4,Brick,2024-09-18,Yes,Yes,12.969264543542554,77.58858507730835,79.79903574064902,High,Crowd Control
B_212,Building G - Medical,13,5,520,Low,Rain,4,Composite,2025-09-26,Yes,Yes,12.96922754568795,77.5952703487029,58.19933674916226,Medium,Crowd Control
B_213,Building A - Main Campus,40,31,92,Medium,Rain,6,Concrete,2025-11-15,Yes,Yes,12.971362674696204,77.59410771200947,81.71116351110142,High,Fire Hazard
B_214,Building G - Medical,3,5,315,Low,Snow,4,Brick,2024-12-06,Yes,Yes,12.968402519313894,77.5958053267323,49.70765316129811,Medium,Medical Emergency
B_215,Building E - Library,4,3,36,Low,Clear,1,Composite,2024-09-04,Yes,Yes,12.969766778134547,77.59601412417305,6.805862301842861,Low,Structural Damage
B_216,Building H - Cafeteria,57,23,236,High,Storm,1,Concrete,2025-11-06,No,Yes,12.969808270580167,77.5925801389522,90.651258432117,High,Environmental
B_217,Building E - Library,82,10,80,Low,Rain,1,Composite,2024-06-09,Yes,Yes,12.970266705113637,77.59678185791697,56.68617800966653,Medium,Medical Emergency
B_218,Building G - Medical,60,10,61,Medium,Clear,2,Steel,2024-04-16,Yes,Yes,12.968425368323043,77.59533418079353,60.05446375199156,Medium,Security Breach
B_219,Building H - Cafeteria,3,19,44,High,Clear,3,Concrete,2024-02-18,Yes,Yes,12.969760789447154,77.59250782250002,49.18271594577071,Medium,Environmental
B_220,Building C - Admin,3,17,58,Medium,Rain,3,Concrete,2025-11-27,Yes,Yes,12.96871548828314,77.58965777400671,50.49922972657503,Medium,Medical Emergency
B_221,Building D - Hostel,93,21,150,Low,Clear,3,Concrete,2025-08-18,Yes,Yes,12.975757754871161,77.59638867168427,76.25609859324163,High,Structural Damage
B_222,Building E - Library,55,14,517,Low,Clear,3,Brick,2025-08-21,Yes,No,12.971924698704973,77.59644439207169,84.71440503356924,High,Crowd Control
B_223,Building D - Hostel,88,9,248,High,Clear,4,Brick,2024-06-23,Yes,Yes,12.97463215736486,77.5961607172823,88.88170521441178,High,Medical Emergency
B_224,Building A - Main Campus,97,1,127,High,Storm,3,Brick,2025-03-15,Yes,Yes,12.971319760615255,77.59586461971162,84.32256939814833,High,Fire Hazard
B_225,Building A - Main Campus,98,13,191,Medium,Rain,6,Steel,2025-10-25,Yes,Yes,12.970998033385628,77.59374198911136,96.98090872339036,High,Structural Damage
B_226,Building F - Sports,2,4,454,Low,Rain,2,Steel,2025-05-11,No,Yes,12.972743793750952,77.58985958220876,39.754906008767925,Medium,Crowd Control
B_227,Building A - Main Campus,20,1,497,Medium,Clear,3,Concrete,2025-09-21,No,Yes,12.971132571286242,77.59427015942339,50.00231199575045,Medium,Structural Damage
B_228,Building A - Main Campus,3,32,121,High,Clear,3,Steel,2024-06-28,Yes,No,12.971820472320774,77.59360372790373,63.35702108616805,Medium,Environmental
B_229,Building H - Cafeteria,54,34,543,Medium,Rain,2,Composite,2024-11-20,Yes,Yes,12.970720499527733,77.5937569136907,89.1147633121413,High,Fire Hazard
B_230,Building C - Admin,45,28,294,High,Clear,0,Concrete,2024-05-10,Yes,Yes,12.968586538545415,77.59046463718391,56.27599317966718,Medium,Environmental
B_231,Building A - Main Campus,91,31,63,High,Clear,2,Concrete,2024-05-20,Yes,Yes,12.971058212598617,77.59454554903758,83.57587209800403,High,Environmental
B_232,Building B - Science Block,33,8,36,Medium,Rain,8,Composite,2024-04-27,Yes,Yes,12.973714534427028,77.59934755490762,58.65521433078961,Medium,Security Breach
B_233,Building C - Admin,71,26,349,Medium,Snow,4,Concrete,2025-06-03,No,Yes,12.96838238181983,77.58943373110628,100.0,High,Structural Damage
B_234,Building B - Science Block,33,34,588,Medium,Rain,3,Steel,2024-08-03,Yes,Yes,12.974598153027737,77.59722018856151,83.26037927110231,High,Structural Damage
B_235,Building B - Science Block,69,3,516,Low,Rain,4,Brick,2024-12-27,Yes,Yes,12.973784629191673,77.59861095920643,80.45654265899091,High,Medical Emergency
B_236,Building D - Hostel,56,12,31,Medium,Snow,3,Composite,2024-10-16,Yes,Yes,12.975024158128301,77.59594046244649,72.68725266896298,High,Fire Hazard
B_237,Building G - Medical,76,1,337,Medium,Clear,5,Steel,2024-10-24,Yes,Yes,12.971345550710145,77.59552131804884,70.56748976965457,High,Fire Hazard
B_238,Building B - Science Block,57,5,235,High,Rain,2,Composite,2025-03-22,No,Yes,12.973784933069684,77.59737567868817,65.4553523547493,Medium,Security Breach
B_239,Building D - Hostel,18,30,358,High,Snow,3,Composite,2024-05-28,Yes,Yes,12.974995681718726,77.59461181407677,85.73753361313786,High,Fire Hazard
B_240,Building A - Main Campus,39,30,100,Medium,Clear,5,Concrete,2024-11-07,No,Yes,12.973109623959965,77.59591547104537,80.82124798204627,High,Structural Damage
B_241,Building B - Science Block,25,17,504,Low,Rain,3,Concrete,2025-03-14,Yes,Yes,12.972842885522459,77.59793768699808,71.70606045946656,High,Security Breach
B_242,Building G - Medical,70,23,393,Low,Rain,3,Steel,2024-06-17,Yes,Yes,12.969711326498507,77.59578441546132,90.36140826727174,High,Fire Hazard
B_243,Building F - Sports,99,15,219,Low,Rain,2,Composite,2024-04-25,No,Yes,12.9729828011983,77.59157718123927,87.46851787926944,High,Security Breach
B_244,Building E - Library,71,21,556,Medium,Rain,2,Concrete,2025-11-20,Yes,Yes,12.970058314397704,77.59694086784512,89.62019379964399,High,Fire Hazard
B_245,Building D - Hostel,87,14,485,Medium,Storm,2,Concrete,2024-05-06,No,Yes,12.975251817429037,77.59582068494514,97.95996927877822,High,Fire Hazard
B_246,Building F - Sports,12,2,108,High,Rain,7,Composite,2025-10-11,Yes,Yes,12.972524028920542,77.59122750812013,55.25424226428391,Medium,Medical Emergency
B_247,Building D - Hostel,17,11,287,Medium,Clear,3,Steel,2025-06-22,Yes,No,12.974627259226368,77.59611419525275,59.08763125376366,Medium,Fire Hazard
B_248,Building E - Library,98,34,590,High,Storm,1,Steel,2024-04-20,No,Yes,12.970642570341377,77.59838742085546,100.0,High,Security Breach
B_249,Building G - Medical,74,34,508,High,Clear,7,Composite,2025-06-18,Yes,Yes,12.968567655161623,77.59522529819223,100.0,High,Structural Damage
B_250,Building C - Admin,60,18,557,Medium,Clear,8,Steel,2025-04-25,No,Yes,12.968517353531974,77.59169975839833,100.0,High,Medical Emergency
B_251,Building E - Library,71,30,66,High,Clear,6,Concrete,2024-03-15,No,Yes,12.97114897191706,77.59692468858162,100.0,High,Fire Hazard
B_252,Building H - Cafeteria,81,15,307,Medium,Clear,3,Composite,2025-10-29,Yes,Yes,12.971519897565027,77.59189687894533,82.65163884298848,High,Fire Hazard
B_253,Building F - Sports,94,27,35,Low,Clear,4,Concrete,2025-08-13,Yes,Yes,12.972911392792641,77.59021769739087,85.2331293404564,High,Security Breach
B_254,Building B - Science Block,4,34,420,Medium,Storm,1,Brick,2025-05-20,Yes,Yes,12.972163715911414,77.59861243843683,60.982099409658176,Medium,Medical Emergency
B_255,Building A - Main Campus,21,33,105,Medium,Rain,2,Brick,2025-07-27,Yes,Yes,12.969837875860957,77.59428042644171,62.344061993680235,Medium,Fire Hazard
B_256,Building H - Cafeteria,60,24,269,Medium,Rain,2,Steel,2024-07-04,Yes,Yes,12.970550873508742,77.59219752930761,78.95371627318283,High,Structural Damage
B_257,Building B - Science Block,37,15,410,Medium,Clear,4,Brick,2025-11-05,Yes,Yes,12.973684545302339,77.59858455529097,80.28117235967245,High,Environmental
B_258,Building B - Science Block,20,30,354,Medium,Storm,5,Concrete,2025-08-13,Yes,Yes,12.974717633589732,77.59668104678084,84.82725836054453,High,Structural Damage
B_259,Building D - Hostel,91,17,538,Medium,Storm,0,Brick,2026-01-18,Yes,Yes,12.975134038063374,77.59965255012222,91.60870773769022,High,Fire Hazard
B_260,Building E - Library,68,5,156,Medium,Rain,1,Concrete,2024-11-28,No,Yes,12.970349985314064,77.595717789204,56.51096726182133,Medium,Structural Damage
B_261,Building C - Admin,20,29,517,Medium,Clear,4,Steel,2024-10-16,No,Yes,12.96788419923726,77.5893558600837,88.89866819126124,High,Medical Emergency
B_262,Building F - Sports,21,4,496,Medium,Clear,0,Steel,2024-02-15,Yes,Yes,12.97220726263721,77.5913656298768,30.16177149192748,Medium,Fire Hazard
B_263,Building B - Science Block,97,10,242,Medium,Clear,5,Concrete,2024-05-22,Yes,No,12.973478573446274,77.59757159213771,93.52768862404143,High,Security Breach
B_264,Building D - Hostel,72,17,391,Low,Clear,2,Brick,2024-09-26,No,Yes,12.974644513502728,77.59596933102117,79.40920383566483,High,Medical Emergency
B_265,Building F - Sports,53,10,421,Medium,Clear,0,Steel,2025-03-28,Yes,Yes,12.97272104694988,77.59209658167055,46.22111243179049,Medium,Structural Damage
B_266,Building E - Library,34,17,462,Low,Storm,4,Composite,2025-12-18,Yes,Yes,12.968885545946273,77.59675684424369,88.13542769139433,High,Fire Hazard
B_267,Building C - Admin,41,20,509,Medium,Clear,2,Steel,2025-05-28,No,Yes,12.966614403684098,77.58942442910553,76.0524390625351,High,Medical Emergency
B_268,Building H - Cafeteria,40,24,292,Medium,Clear,3,Brick,2025-03-31,Yes,Yes,12.972257936292754,77.5936457791516,76.32833968444496,High,Structural Damage
B_269,Building E - Library,83,5,545,Medium,Clear,2,Composite,2024-01-28,Yes,Yes,12.970934460064097,77.59727539073529,69.54559164425622,Medium,Fire Hazard
B_270,Building A - Main Campus,2,34,178,Medium,Clear,4,Brick,2025-04-06,No,Yes,12.971300995037918,77.59409083223008,67.07072245788689,Medium,Environmental
B_271,Building E - Library,12,6,171,High,Clear,4,Concrete,2024-02-01,No,No,12.973292758162524,77.59742716031187,62.565605899391734,Medium,Crowd Control
B_272,Building B - Science Block,93,2,207,High,Clear,2,Composite,2024-10-13,Yes,Yes,12.972327016148535,77.59586533607846,72.3506467293308,High,Security Breach
B_273,Building C - Admin,58,13,117,High,Clear,7,Brick,2025-11-09,Yes,Yes,12.968134930550937,77.59079186850632,80.83858025159496,High,Structural Damage
B_274,Building E - Library,90,11,150,High,Rain,4,Composite,2024-02-17,Yes,Yes,12.970648739154027,77.59437598017763,100.0,High,Environmental
B_275,Building B - Science Block,51,23,190,Low,Snow,4,Brick,2025-05-26,Yes,Yes,12.973322706576809,77.59759759844975,90.95899658447578,High,Structural Damage
B_276,Building B - Science Block,24,16,202,Low,Clear,5,Composite,2025-04-25,Yes,Yes,12.971084332620535,77.59762416615204,58.186202060870414,Medium,Crowd Control
B_277,Building C - Admin,32,31,383,Medium,Clear,7,Brick,2024-04-20,Yes,Yes,12.96758663199241,77.58776445358922,86.89007702993919,High,Crowd Control
B_278,Building E - Library,95,11,58,Low,Storm,2,Concrete,2024-05-27,No,Yes,12.972204507580164,77.5955423977992,79.9546067246965,High,Medical Emergency
B_279,Building E - Library,43,16,546,Medium,Clear,7,Composite,2024-03-14,Yes,No,12.969932715264543,77.59591941711393,86.6729838784487,High,Security Breach
B_280,Building D - Hostel,8,8,516,Medium,Clear,4,Composite,2025-07-02,Yes,Yes,12.975602238750925,77.59736631060706,62.76235926019529,Medium,Security Breach
B_281,Building F - Sports,17,4,535,Medium,Storm,9,Composite,2024-11-11,Yes,Yes,12.971403813129763,77.59129319648555,76.9217080617298,High,Structural Damage
B_282,Building D - Hostel,91,4,368,Medium,Clear,3,Composite,2025-09-25,Yes,No,12.975720861879026,77.59473120825284,78.70962786077364,High,Crowd Control
B_283,Building E - Library,61,25,416,Medium,Rain,4,Concrete,2024-07-12,Yes,Yes,12.97027711359542,77.59719449980675,100.0,High,Security Breach
B_284,Building H - Cafeteria,3,3,180,Medium,Rain,1,Composite,2025-06-04,Yes,Yes,12.970844295013293,77.59226135749127,24.278082990669333,Low,Fire Hazard
B_285,Building E - Library,2,32,35,High,Clear,0,Steel,2024-03-28,Yes,No,12.97016864607308,77.59649619331886,34.50062999576949,Medium,Security Breach
B_286,Building A - Main Campus,49,3,512,Medium,Clear,0,Concrete,2025-08-21,Yes,Yes,12.971843151714623,77.59518656076811,33.778299447311355,Medium,Structural Damage
B_287,Building B - Science Block,13,27,445,High,Rain,3,Steel,2025-04-23,Yes,No,12.975437554301962,77.59494152356815,88.20497742977118,High,Environmental
B_288,Building G - Medical,70,29,127,Low,Clear,1,Composite,2025-08-28,No,Yes,12.969432608660794,77.59323556392776,65.7209961271387,Medium,Environmental
B_289,Building E - Library,38,32,469,High,Clear,4,Brick,2025-11-08,Yes,Yes,12.970214629999349,77.59748086733069,91.12966544666635,High,Security Breach
B_290,Building A - Main Campus,33,19,330,Medium,Rain,3,Steel,2025-11-20,Yes,Yes,12.972797792522142,77.59584471457681,79.7543001019557,High,Medical Emergency
B_291,Building A - Main Campus,10,21,189,Medium,Rain,4,Composite,2025-08-04,No,Yes,12.972835292514851,77.59442606492838,84.2529652836158,High,Crowd Control
B_292,Building F - Sports,20,5,565,Low,Clear,4,Steel,2025-03-12,No,Yes,12.973998530274708,77.59319684979461,65.52338023368542,Medium,Environmental
B_293,Building C - Admin,49,18,433,Medium,Storm,7,Composite,2024-05-21,Yes,Yes,12.968738800454542,77.59077723660157,96.82888150559674,High,Structural Damage
B_294,Building E - Library,81,28,270,Low,Clear,3,Composite,2024-06-17,Yes,No,12.970641237018516,77.59801023251555,89.40468683929016,High,Structural Damage
B_295,Building C - Admin,4,22,160,Low,Storm,2,Composite,2025-03-31,No,Yes,12.968438336762636,77.58899047951832,58.2427479895813,Medium,Crowd Control
B_296,Building H - Cafeteria,21,21,293,Medium,Rain,4,Brick,2024-10-28,No,Yes,12.970480008569728,77.59242637096676,77.4810117311026,High,Crowd Control
B_297,Building G - Medical,25,6,435,Medium,Rain,0,Steel,2025-09-15,Yes,Yes,12.969684388194327,77.59365414733863,38.938763570201615,Medium,Crowd Control
B_298,Building A - Main Campus,55,1,58,Medium,Clear,3,Concrete,2024-09-28,Yes,Yes,12.971349891541005,77.59407345069057,50.87293771211229,Medium,Environmental
B_299,Building B - Science Block,34,5,48,High,Snow,1,Concrete,2024-02-15,Yes,Yes,12.972423024453668,77.59863588466155,49.64234388131083,Medium,Structural Damage
B_300,Building B - Science Block,25,12,496,Medium,Clear,2,Concrete,2025-03-15,Yes,Yes,12.974711903603106,77.59863143267829,55.665038840611295,Medium,Crowd Control
B_301,Building C - Admin,76,26,337,Medium,Rain,8,Concrete,2024-02-04,Yes,Yes,12.968515844209378,77.5895776171946,100.0,High,Environmental
B_302,Building A - Main Campus,73,34,264,Low,Clear,2,Composite,2024-12-04,Yes,Yes,12.970536826644262,77.59501463289524,73.45934905173795,High,Crowd Control
B_303,Building F - Sports,37,14,291,Medium,Clear,1,Steel,2025-04-17,No,Yes,12.972769631706186,77.59444394739653,53.192519489067266,Medium,Structural Damage
B_304,Building C - Admin,39,26,459,Medium,Clear,3,Steel,2024-08-26,Yes,Yes,12.969687102362016,77.58991524492657,77.35903292409208,High,Structural Damage
B_305,Building G - Medical,85,27,258,High,Storm,6,Brick,2024-07-17,Yes,Yes,12.969558390689006,77.59560130653708,100.0,High,Medical Emergency
B_306,Building C - Admin,90,9,396,High,Snow,2,Steel,2024-09-02,Yes,Yes,12.96768426132962,77.59073963781202,92.87189266086823,High,Security Breach
B_307,Building A - Main Campus,26,26,285,Medium,Clear,5,Steel,2024-10-29,Yes,Yes,12.970512856499763,77.59403847614279,77.28170966942824,High,Fire Hazard
B_308,Building E - Library,94,22,378,Low,Clear,1,Steel,2025-10-30,Yes,Yes,12.968761820500594,77.59721407622304,75.42344211410857,High,Structural Damage
B_309,Building F - Sports,19,30,359,High,Rain,4,Brick,2024-05-18,Yes,Yes,12.972849929026262,77.59103851697523,95.74214253113533,High,Fire Hazard
B_310,Building A - Main Campus,83,17,408,Medium,Clear,3,Concrete,2025-12-11,Yes,Yes,12.970670861209024,77.5959787222267,84.12809667914463,High,Medical Emergency
B_311,Building F - Sports,67,26,596,Low,Clear,1,Steel,2024-11-04,Yes,Yes,12.972466396062396,77.59083270462548,70.79635867155295,High,Security Breach
B_312,Building D - Hostel,55,1,22,Low,Rain,2,Brick,2025-02-24,No,Yes,12.977521932963619,77.59494293708086,47.517230130762364,Medium,Environmental
B_313,Building D - Hostel,36,8,448,Medium,Rain,3,Brick,2024-05-12,Yes,Yes,12.976738617071454,77.59444900943599,65.38120162376914,Medium,Security Breach
B_314,Building B - Science Block,81,35,161,Low,Snow,0,Composite,2025-05-09,Yes,No,12.973145053769793,77.59810229122539,63.05370823840117,Medium,Security Breach
B_315,Building F - Sports,62,15,395,High,Clear,1,Brick,2025-12-25,No,Yes,12.972542163050395,77.59184376302152,70.79044381593485,High,Environmental
B_316,Building G - Medical,42,22,343,Medium,Clear,2,Concrete,2025-10-19,Yes,Yes,12.969061165153976,77.5930022038481,65.3570657024003,Medium,Medical Emergency
B_317,Building C - Admin,34,14,165,Low,Rain,3,Steel,2025-05-31,Yes,Yes,12.970065576384364,77.58912217162263,61.79986997034766,Medium,Crowd Control
B_318,Building D - Hostel,69,26,312,High,Rain,4,Brick,2024-03-01,No,No,12.975889012455532,77.59630195749163,100.0,High,Security Breach
B_319,Building C - Admin,34,28,451,Medium,Rain,2,Concrete,2024-06-10,Yes,Yes,12.968908758204313,77.58889140873306,74.04232888800429,High,Security Breach
B_320,Building C - Admin,15,23,418,Medium,Rain,4,Brick,2024-05-29,Yes,Yes,12.969759764961951,77.59011367917503,83.83188272686589,High,Medical Emergency
B_321,Building G - Medical,22,14,363,Low,Clear,3,Brick,2025-12-30,Yes,Yes,12.969798773650345,77.59477558480359,56.04935075668479,Medium,Crowd Control
B_322,Building A - Main Campus,49,24,159,Low,Storm,4,Brick,2024-03-03,No,Yes,12.973282262344258,77.59386993778075,97.04444727241506,High,Security Breach
B_323,Building C - Admin,21,2,206,Medium,Clear,3,Brick,2025-04-20,Yes,Yes,12.969015255828369,77.5890713705084,43.549596676187235,Medium,Security Breach
B_324,Building F - Sports,9,26,80,Medium,Clear,4,Brick,2024-06-09,Yes,Yes,12.970663694193659,77.58963726547513,60.286588807094105,Medium,Crowd Control
B_325,Building G - Medical,8,14,399,Medium,Rain,0,Concrete,2025-12-10,Yes,Yes,12.968585363625023,77.59394155683398,40.599034304017174,Medium,Structural Damage
B_326,Building D - Hostel,68,7,459,Medium,Clear,4,Steel,2025-07-25,Yes,No,12.977772949749362,77.5962983884343,82.67806219215399,High,Environmental
B_327,Building E - Library,18,3,338,Medium,Clear,5,Steel,2024-09-26,Yes,Yes,12.971388343020859,77.59596292149375,46.64968892048735,Medium,Structural Damage
B_328,Building C - Admin,34,23,321,Low,Storm,2,Steel,2024-08-07,Yes,Yes,12.968661327169519,77.59190615298475,77.01348992414786,High,Environmental
B_329,Building B - Science Block,49,18,363,Medium,Clear,7,Steel,2024-03-24,Yes,Yes,12.972285582326222,77.59805623879737,80.47955186020471,High,Environmental
B_330,Building G - Medical,77,35,30,High,Rain,6,Concrete,2024-10-25,Yes,Yes,12.97121129576691,77.59556594308548,100.0,High,Security Breach
B_331,Building A - Main Campus,60,15,81,Medium,Clear,2,Composite,2025-04-11,Yes,Yes,12.973401539613926,77.59481286525653,60.42208031635107,Medium,Environmental
B_332,Building H - Cafeteria,87,25,245,Medium,Rain,6,Composite,2025-07-19,Yes,Yes,12.972203453025188,77.59270977438679,100.0,High,Fire Hazard
B_333,Building D - Hostel,23,28,172,Low,Clear,5,Concrete,2024-05-31,No,Yes,12.97613334555914,77.5946847935877,61.30235314698008,Medium,Crowd Control
B_334,Building D - Hostel,31,10,583,Medium,Clear,4,Concrete,2024-10-31,Yes,Yes,12.976392348408943,77.59589424831277,75.95257000557666,High,Crowd Control
B_335,Building H - Cafeteria,39,17,590,Medium,Snow,3,Brick,2024-04-10,No,Yes,12.971662659366254,77.59434639163781,96.4273250826044,High,Fire Hazard
B_336,Building F - Sports,52,22,594,High,Rain,3,Brick,2024-09-04,No,Yes,12.972334614600895,77.59280782203462,100.0,High,Crowd Control
B_337,Building E - Library,55,26,329,Medium,Clear,2,Brick,2025-10-19,Yes,Yes,12.971907278597099,77.59745554438459,73.62474429655433,High,Medical Emergency
B_338,Building D - Hostel,9,25,262,High,Clear,2,Steel,2024-09-26,Yes,Yes,12.974634900329264,77.59595907829734,58.51902732664618,Medium,Crowd Control
B_339,Building D - Hostel,28,17,512,Medium,Storm,7,Brick,2025-01-29,No,Yes,12.977558474301132,77.59378144646531,100.0,High,Crowd Control
B_340,Building A - Main Campus,28,13,385,Low,Rain,7,Composite,2024-11-28,Yes,Yes,12.971412341505705,77.59576230851967,71.36305018365887,High,Crowd Control
B_341,Building D - Hostel,99,20,349,Medium,Rain,4,Steel,2025-02-13,No,Yes,12.975484679400212,77.59640988781698,100.0,High,Environmental
B_342,Building G - Medical,22,25,126,Low,Rain,3,Brick,2025-02-26,Yes,Yes,12.9710091910286,77.59483200628316,64.83405632416354,Medium,Structural Damage
B_343,Building F - Sports,31,4,245,Low,Clear,3,Steel,2024-03-05,Yes,Yes,12.973108990520856,77.59169187093357,44.847860635481794,Medium,Medical Emergency
B_344,Building E - Library,98,10,237,High,Clear,6,Composite,2025-10-05,Yes,Yes,12.97089780588197,77.5987026024349,96.09345753027488,High,Crowd Control
B_345,Building B - Science Block,29,3,525,Medium,Rain,5,Brick,2025-08-09,Yes,Yes,12.973436051507319,77.59724684596205,70.98007163823178,High,Medical Emergency
B_346,Building E - Library,65,18,278,Medium,Clear,2,Composite,2025-02-17,No,Yes,12.971641754229019,77.59575707766776,78.62947763610998,High,Environmental
B_347,Building F - Sports,98,22,536,Low,Clear,3,Composite,2024-11-25,Yes,Yes,12.971985278542734,77.59099165470604,97.7944572533374,High,Medical Emergency
B_348,Building G - Medical,70,34,73,Medium,Storm,6,Composite,2024-02-10,Yes,Yes,12.969344125477543,77.59438780053513,100.0,High,Medical Emergency
B_349,Building F - Sports,62,8,66,Low,Rain,1,Brick,2024-08-31,No,Yes,12.973299099589665,77.59125763836474,57.45676582402334,Medium,Fire Hazard
B_350,Building A - Main Campus,49,19,540,Low,Rain,2,Concrete,2025-03-31,Yes,Yes,12.972339463469236,77.59546418070484,79.63732898449483,High,Environmental
B_351,Building B - Science Block,20,6,118,Medium,Rain,1,Brick,2024-03-13,Yes,Yes,12.972846488800666,77.5984427060187,29.608591851822187,Low,Crowd Control
B_352,Building E - Library,5,26,39,Low,Rain,3,Composite,2024-12-06,Yes,Yes,12.971533418482958,77.59483906356337,55.118057416564945,Medium,Structural Damage
B_353,Building C - Admin,36,34,592,Medium,Clear,4,Brick,2024-07-06,Yes,Yes,12.968893480952874,77.5890935918917,88.12342208474716,High,Structural Damage
B_354,Building E - Library,65,6,509,Low,Clear,5,Composite,2025-12-14,Yes,Yes,12.971903064980332,77.59608339381472,70.5306244724386,High,Structural Damage
B_355,Building A - Main Campus,50,33,438,Low,Clear,3,Concrete,2024-10-12,Yes,Yes,12.97026051684469,77.59457018318334,74.51371184908554,High,Structural Damage
B_356,Building B - Science Block,18,22,81,Low,Clear,2,Steel,2025-10-22,Yes,Yes,12.9726030276959,77.59844958526453,42.296495798211744,Medium,Crowd Control
B_357,Building G - Medical,45,21,164,Medium,Rain,5,Concrete,2025-03-04,Yes,Yes,12.968791387501119,77.59458249355082,84.98707594794519,High,Structural Damage
B_358,Building F - Sports,93,6,235,Medium,Clear,1,Concrete,2025-05-07,Yes,Yes,12.974145810427164,77.59269852862221,62.38131552102301,Medium,Environmental
B_359,Building F - Sports,31,6,22,Medium,Clear,3,Steel,2025-02-23,Yes,Yes,12.973077839203288,77.59147242228745,46.11141970845368,Medium,Environmental
B_360,Building G - Medical,94,4,179,Medium,Clear,2,Brick,2025-09-24,Yes,Yes,12.96998289645621,77.59528898395273,72.85424238903542,High,Medical Emergency
B_361,Building B - Science Block,47,30,139,Medium,Clear,2,Steel,2024-12-03,Yes,Yes,12.972513397636783,77.59845133724393,58.772496044607124,Medium,Fire Hazard
B_362,Building G - Medical,7,11,108,Low,Clear,1,Brick,2024-08-12,Yes,Yes,12.968498305947442,77.59517245193501,21.63189588659268,Low,Security Breach
B_363,Building D - Hostel,38,30,348,Medium,Clear,1,Brick,2026-01-19,Yes,Yes,12.97449310959545,77.59756279624338,56.97092442297308,Medium,Structural Damage
B_364,Building E - Library,25,31,599,High,Clear,6,Composite,2024-03-18,No,Yes,12.971363341624937,77.59504397472121,98.65477160974625,High,Security Breach
B_365,Building A - Main Campus,94,24,376,Medium,Clear,3,Composite,2024-07-14,Yes,Yes,12.97159907337377,77.59407857795591,96.47168226239772,High,Security Breach
B_366,Building G - Medical,47,9,286,Medium,Clear,1,Steel,2024-10-04,Yes,Yes,12.968960273070218,77.59474710352647,47.1518819227651,Medium,Security Breach
B_367,Building A - Main Campus,54,3,342,High,Rain,6,Concrete,2024-11-23,Yes,No,12.970672006250332,77.59536146576498,83.65105659591917,High,Medical Emergency
B_368,Building D - Hostel,96,31,560,Medium,Clear,3,Steel,2025-11-26,Yes,Yes,12.976304654086999,77.59595142477495,100.0,High,Environmental
B_369,Building F - Sports,61,24,214,Low,Clear,4,Brick,2025-07-12,Yes,Yes,12.972580495471458,77.59225981828594,79.66928644371833,High,Structural Damage
B_370,Building G - Medical,98,31,351,Medium,Rain,0,Composite,2024-08-08,Yes,Yes,12.970391385506078,77.59505491773675,84.89179786109375,High,Crowd Control
B_371,Building B - Science Block,64,6,189,Medium,Clear,1,Steel,2025-01-15,Yes,Yes,12.97218812597682,77.59681161388613,44.755736298476236,Medium,Medical Emergency
B_372,Building F - Sports,86,2,540,Medium,Storm,3,Steel,2024-04-23,Yes,Yes,12.972331939078508,77.59012420910214,87.75907109279393,High,Environmental
B_373,Building F - Sports,33,20,482,Medium,Rain,4,Composite,2024-08-28,No,Yes,12.972824003133331,77.59301100520733,92.55987800361392,High,Crowd Control
B_374,Building B - Science Block,88,28,59,Medium,Clear,2,Composite,2024-04-20,Yes,Yes,12.974751690366759,77.59833962614401,75.30786250585088,High,Environmental
B_375,Building E - Library,34,11,556,Medium,Rain,1,Composite,2024-10-25,Yes,Yes,12.97132771193387,77.59881529553095,60.38361489300162,Medium,Structural Damage
B_376,Building E - Library,68,4,280,Medium,Clear,2,Brick,2025-11-29,No,Yes,12.971443863832178,77.59752563568678,62.32089340348178,Medium,Medical Emergency
B_377,Building G - Medical,19,15,414,High,Rain,7,Composite,2025-06-26,Yes,Yes,12.968161085305663,77.59593281879435,81.30734647417108,High,Security Breach
B_378,Building F - Sports,26,6,245,Medium,Clear,3,Concrete,2025-04-22,Yes,Yes,12.972998497350305,77.59152021565457,49.88460698321207,Medium,Medical Emergency
B_379,Building G - Medical,96,30,143,Low,Storm,1,Steel,2024-07-07,Yes,Yes,12.969272361875932,77.59405140456333,84.77948385698095,High,Medical Emergency
B_380,Building E - Library,55,2,57,Medium,Clear,2,Composite,2025-09-08,Yes,Yes,12.97185677687836,77.59657164107074,41.02820408599377,Medium,Structural Damage
B_381,Building C - Admin,59,15,347,Low,Rain,1,Composite,2025-04-01,Yes,Yes,12.96808832144113,77.58882845319528,61.23379873450138,Medium,Security Breach
B_382,Building D - Hostel,68,11,270,Medium,Rain,4,Brick,2024-10-29,Yes,Yes,12.975770598794464,77.59524039029579,92.47682079272064,High,Security Breach
B_383,Building G - Medical,47,8,195,Medium,Clear,3,Brick,2024-02-05,Yes,Yes,12.9690122444475,77.59321784403072,58.12510668437942,Medium,Fire Hazard
B_384,Building G - Medical,25,26,473,Low,Clear,3,Steel,2024-09-11,Yes,Yes,12.970559357359503,77.59446197672455,68.99074526644645,Medium,Fire Hazard
B_385,Building C - Admin,33,5,56,Medium,Rain,3,Concrete,2025-09-18,Yes,Yes,12.967514761342976,77.58932876385867,53.42166499304731,Medium,Environmental
B_386,Building E - Library,48,6,335,Low,Storm,3,Steel,2025-12-22,No,Yes,12.971149132055965,77.5966288408716,76.70679344984656,High,Crowd Control
B_387,Building G - Medical,87,26,133,Low,Clear,4,Composite,2024-04-15,Yes,Yes,12.96979099374777,77.594642548258,87.99860242264577,High,Fire Hazard
B_388,Building A - Main Campus,24,4,59,Medium,Rain,0,Concrete,2024-05-07,Yes,Yes,12.97032314422356,77.59554850854326,15.645700138476826,Low,Structural Damage
B_389,Building E - Library,67,19,320,Medium,Snow,2,Concrete,2025-05-20,Yes,Yes,12.968891753839618,77.5970615365746,88.25857167174833,High,Medical Emergency
B_390,Building E - Library,28,20,243,High,Storm,3,Concrete,2024-01-25,Yes,Yes,12.971215570921494,77.59638015629622,87.46676082064049,High,Security Breach
B_391,Building D - Hostel,3,33,337,Medium,Clear,5,Concrete,2025-08-11,No,Yes,12.975953422523805,77.59532286453076,71.05802864285099,High,Medical Emergency
B_392,Building G - Medical,91,20,368,Medium,Rain,3,Steel,2025-03-08,Yes,No,12.969965495203091,77.59559292254352,100.0,High,Structural Damage
B_393,Building F - Sports,18,12,134,Medium,Clear,5,Brick,2024-07-05,Yes,Yes,12.971807873573615,77.59227396485895,54.989193995298045,Medium,Medical Emergency
B_394,Building H - Cafeteria,34,1,342,Low,Snow,5,Brick,2026-01-06,Yes,Yes,12.973292398002389,77.59286456526254,65.93292149964878,Medium,Security Breach
B_395,Building H - Cafeteria,10,26,587,High,Clear,3,Composite,2024-07-04,Yes,Yes,12.97109689577558,77.59486323283909,78.16104650050642,High,Fire Hazard
B_396,Building H - Cafeteria,44,14,59,Medium,Clear,2,Brick,2024-11-29,Yes,Yes,12.971688706239044,77.5928315299038,49.19850719353794,Medium,Crowd Control
B_397,Building D - Hostel,49,11,59,Medium,Rain,2,Brick,2025-10-17,Yes,Yes,12.975852374209534,77.5960478633276,63.24221813570515,Medium,Security Breach
B_398,Building H - Cafeteria,40,13,308,Low,Clear,2,Brick,2025-06-04,Yes,Yes,12.971261125054552,77.59278999086071,49.225227973504246,Medium,Security Breach
B_399,Building C - Admin,94,3,281,Medium,Snow,3,Brick,2025-09-26,Yes,Yes,12.969552183743437,77.58922659897877,89.41945436941829,High,Security Breach
B_400,Building B - Science Block,43,33,235,Medium,Snow,1,Composite,2024-10-05,Yes,Yes,12.973080006022872,77.59730791552452,72.49412864912395,High,Environmental
B_401,Building E - Library,27,6,166,High,Rain,3,Steel,2025-09-22,No,Yes,12.969502227182016,77.59591716053815,63.51444702544355,Medium,Environmental
B_402,Building F - Sports,51,10,355,Low,Clear,1,Concrete,2024-03-28,Yes,Yes,12.97187642007636,77.59159947747634,44.36504797311968,Medium,Security Breach
B_403,Building B - Science Block,26,5,187,Medium,Rain,0,Brick,2025-08-16,Yes,Yes,12.974336145655705,77.59905371409688,30.235488594930803,Medium,Structural Damage
B_404,Building D - Hostel,25,23,111,High,Clear,5,Steel,2024-08-28,Yes,Yes,12.975657188617191,77.59605646975143,74.18708653445734,High,Security Breach
B_405,Building E - Library,14,10,372,Medium,Clear,2,Brick,2025-03-28,Yes,Yes,12.970843393805907,77.5945065610448,51.99071506569919,Medium,Environmental
B_406,Building D - Hostel,61,2,590,Medium,Storm,3,Brick,2024-08-17,Yes,Yes,12.97445210908814,77.59636126429118,82.28251004791531,High,Environmental
B_407,Building D - Hostel,8,13,590,Low,Clear,3,Concrete,2024-01-29,No,Yes,12.97645848517192,77.59643560802512,59.19696553202967,Medium,Medical Emergency
B_408,Building C - Admin,58,2,382,High,Clear,6,Concrete,2025-04-16,Yes,No,12.968422188015538,77.5876051655394,79.94330082979859,High,Structural Damage
B_409,Building A - Main Campus,37,20,576,Low,Snow,4,Concrete,2024-11-21,No,Yes,12.97057147501432,77.59372449215435,97.03115351498255,High,Fire Hazard
B_410,Building A - Main Campus,46,1,364,Medium,Clear,5,Brick,2024-09-13,Yes,Yes,12.972228768579091,77.59424262890359,58.97599418573384,Medium,Medical Emergency
B_411,Building D - Hostel,21,9,189,Medium,Clear,3,Brick,2024-09-24,Yes,Yes,12.97729040050813,77.59706763833786,50.73904404530925,Medium,Environmental
B_412,Building H - Cafeteria,66,17,375,Low,Storm,2,Brick,2025-05-16,Yes,Yes,12.97327369844622,77.59168348700636,88.56692162512105,High,Medical Emergency
B_413,Building B - Science Block,9,9,210,Medium,Clear,3,Concrete,2024-10-10,Yes,Yes,12.973990891212141,77.59712247591106,41.67147708955511,Medium,Medical Emergency
B_414,Building H - Cafeteria,17,11,441,Low,Rain,5,Composite,2024-07-05,Yes,Yes,12.971927871818234,77.59179438625726,67.91310517242263,Medium,Medical Emergency
B_415,Building G - Medical,15,15,26,Low,Snow,1,Steel,2025-08-25,Yes,No,12.97082615636755,77.59381306844979,38.486821384442976,Medium,Structural Damage
B_416,Building D - Hostel,77,24,152,Medium,Storm,2,Composite,2024-12-24,No,Yes,12.973652760975328,77.59763378081574,90.90358541641088,High,Fire Hazard
B_417,Building G - Medical,88,35,576,High,Rain,4,Brick,2025-07-09,No,Yes,12.970042496679568,77.59353087323558,100.0,High,Fire Hazard
B_418,Building H - Cafeteria,16,30,50,Medium,Clear,2,Brick,2024-05-17,Yes,Yes,12.971437728884931,77.59202314290529,50.83671892664184,Medium,Security Breach
B_419,Building G - Medical,93,31,554,Medium,Clear,3,Composite,2024-08-18,Yes,Yes,12.969605741446804,77.59540278083591,100.0,High,Environmental
B_420,Building D - Hostel,99,5,445,Low,Storm,5,Brick,2025-09-03,Yes,Yes,12.976245779092904,77.59585372902052,97.13728519095915,High,Crowd Control
B_421,Building C - Admin,67,14,413,Low,Storm,3,Steel,2025-11-10,Yes,Yes,12.96860525311331,77.59067867075753,93.2399287808644,High,Structural Damage
B_422,Building A - Main Campus,33,11,382,Low,Rain,1,Brick,2025-04-13,Yes,Yes,12.969674541781664,77.59385106730674,51.18285445463768,Medium,Fire Hazard
B_423,Building B - Science Block,88,9,456,Low,Clear,3,Steel,2024-11-22,Yes,Yes,12.972521337166743,77.598606257773,77.01238591664605,High,Environmental
B_424,Building G - Medical,64,34,570,Medium,Clear,1,Composite,2025-02-06,Yes,Yes,12.968860907384322,77.59331404460771,71.597434943931,High,Environmental
B_425,Building D - Hostel,87,12,101,Medium,Clear,2,Composite,2024-08-19,Yes,Yes,12.976149327546118,77.5946912524191,67.85613613137964,Medium,Structural Damage
B_426,Building C - Admin,52,35,375,Medium,Rain,2,Brick,2025-04-22,Yes,Yes,12.968249273517491,77.59198114390088,86.16868967249634,High,Structural Damage
B_427,Building H - Cafeteria,26,35,277,Low,Clear,1,Steel,2026-01-18,Yes,Yes,12.972387138554003,77.5923889593926,46.739900625667204,Medium,Environmental
B_428,Building A - Main Campus,59,1,543,Medium,Storm,1,Brick,2025-04-06,Yes,Yes,12.971478871874057,77.59550748758622,63.14523745178129,Medium,Security Breach
B_429,Building D - Hostel,64,22,314,High,Rain,2,Concrete,2025-03-21,Yes,Yes,12.976262870430105,77.59567559948945,83.46259980542838,High,Fire Hazard
B_430,Building B - Science Block,63,29,243,Low,Clear,7,Concrete,2024-05-29,Yes,Yes,12.973603559942239,77.59612015151956,84.88847254066584,High,Crowd Control
B_431,Building H - Cafeteria,23,8,544,High,Rain,3,Concrete,2024-06-06,Yes,Yes,12.969909989449931,77.59242317772423,76.45888516429262,High,Crowd Control
B_432,Building C - Admin,59,11,65,High,Clear,3,Concrete,2024-03-16,Yes,Yes,12.967966714814654,77.59018607903434,68.42289721298147,Medium,Crowd Control
B_433,Building H - Cafeteria,59,14,132,Low,Rain,3,Brick,2024-09-06,Yes,Yes,12.971797179743806,77.59182722560651,76.93398190179639,High,Medical Emergency
B_434,Building F - Sports,87,30,252,Medium,Rain,4,Concrete,2025-08-21,Yes,Yes,12.972763198459496,77.59118176721445,100.0,High,Fire Hazard
B_435,Building H - Cafeteria,50,35,36,Medium,Storm,1,Steel,2024-10-20,Yes,Yes,12.973666601378014,77.59298624229896,66.60688914814695,Medium,Medical Emergency
B_436,Building G - Medical,53,21,379,Medium,Storm,4,Composite,2024-07-18,Yes,Yes,12.968039393012967,77.59642051510022,100.0,High,Medical Emergency
B_437,Building H - Cafeteria,43,5,242,Medium,Clear,2,Composite,2024-09-12,Yes,Yes,12.970966850996044,77.59162526300922,43.02748963786329,Medium,Environmental
B_438,Building C - Admin,71,19,467,Medium,Clear,2,Concrete,2025-02-01,Yes,Yes,12.970743686652543,77.5899458366578,77.72972321310712,High,Medical Emergency
B_439,Building H - Cafeteria,16,14,384,Medium,Rain,0,Concrete,2025-02-14,Yes,Yes,12.972300766007207,77.59333306011588,44.01482132882181,Medium,Security Breach
B_440,Building H - Cafeteria,55,26,345,Medium,Clear,1,Concrete,2024-07-04,Yes,Yes,12.971394010283763,77.59202759472981,66.06727630269225,Medium,Security Breach
B_441,Building E - Library,61,4,486,Medium,Clear,2,Brick,2024-07-13,Yes,Yes,12.97019074254506,77.59820886627924,57.778785158537765,Medium,Structural Damage
B_442,Building D - Hostel,98,25,433,Medium,Clear,2,Composite,2024-12-30,Yes,Yes,12.975803787553208,77.59691291503972,88.92294028600777,High,Structural Damage
B_443,Building E - Library,9,25,474,Medium,Rain,5,Concrete,2024-10-11,No,Yes,12.97052355487277,77.59584461642265,83.06485091910098,High,Fire Hazard
B_444,Building H - Cafeteria,54,18,252,Medium,Clear,4,Steel,2025-02-25,Yes,Yes,12.970157783526133,77.59324800318515,79.36608550046101,High,Fire Hazard
B_445,Building D - Hostel,61,8,243,Low,Rain,2,Concrete,2025-07-11,No,Yes,12.977294098078412,77.59471402699175,64.9294662894961,Medium,Security Breach
B_446,Building E - Library,6,14,431,Low,Snow,2,Composite,2024-02-06,Yes,Yes,12.971113372568638,77.59522438428431,55.41081617996343,Medium,Structural Damage
B_447,Building H - Cafeteria,69,32,591,High,Clear,3,Concrete,2025-05-21,Yes,No,12.97104430332294,77.59286793678538,100.0,High,Environmental
B_448,Building B - Science Block,7,33,354,Medium,Clear,5,Composite,2024-06-14,Yes,Yes,12.97177170591433,77.59758197674726,68.55177317570194,Medium,Structural Damage
B_449,Building E - Library,97,23,241,Low,Clear,1,Concrete,2024-12-24,Yes,Yes,12.969763299526582,77.59720475922573,69.89960284431831,Medium,Medical Emergency
B_450,Building D - Hostel,95,15,56,Low,Storm,2,Steel,2025-05-26,Yes,Yes,12.975434599357847,77.59653943901947,77.94328008100734,High,Crowd Control
B_451,Building E - Library,48,33,297,Low,Clear,3,Concrete,2024-11-26,Yes,Yes,12.970320401713254,77.59523762048016,70.63836795283153,High,Environmental
B_452,Building F - Sports,56,25,215,High,Clear,0,Steel,2025-12-07,Yes,Yes,12.971113039918963,77.58969099049644,55.43568233595783,Medium,Crowd Control
B_453,Building F - Sports,41,17,503,Medium,Clear,2,Steel,2025-03-01,Yes,Yes,12.973232957832609,77.59415773091926,67.44580095590416,Medium,Crowd Control
B_454,Building B - Science Block,53,33,261,High,Rain,5,Concrete,2024-09-23,Yes,Yes,12.973935238137186,77.599272046882,94.73481966570998,High,Security Breach
B_455,Building C - Admin,17,2,343,Medium,Clear,2,Steel,2024-01-29,Yes,Yes,12.969733573290789,77.58908166399013,34.20805198868304,Medium,Crowd Control
B_456,Building C - Admin,14,14,211,Medium,Rain,3,Brick,2024-12-26,Yes,No,12.969865315980991,77.58912142530849,61.185230553552756,Medium,Crowd Control
B_457,Building D - Hostel,31,6,36,Medium,Storm,2,Concrete,2024-12-21,Yes,No,12.975141292130461,77.59539140767407,49.92417017567014,Medium,Medical Emergency
B_458,Building G - Medical,20,6,543,Medium,Clear,0,Concrete,2024-03-12,Yes,Yes,12.969438801977672,77.59526136946319,34.0377137353554,Medium,Fire Hazard
B_459,Building C - Admin,18,3,420,Low,Storm,7,Steel,2024-03-24,No,Yes,12.967929113264109,77.59048910277859,72.3794454627248,High,Security Breach
B_460,Building D - Hostel,64,7,41,High,Clear,5,Steel,2025-08-18,No,Yes,12.976474744083031,77.59594296353245,81.31416599306458,High,Structural Damage
B_461,Building B - Science Block,20,8,493,High,Storm,0,Concrete,2024-08-31,Yes,Yes,12.975439611908607,77.59888739264866,53.46377291056466,Medium,Medical Emergency
B_462,Building G - Medical,93,15,139,Medium,Rain,3,Brick,2025-12-14,Yes,Yes,12.9706697292902,77.59466615337455,93.39699072002809,High,Crowd Control
B_463,Building G - Medical,59,29,229,High,Storm,8,Steel,2025-09-13,No,Yes,12.969951766137815,77.59512380736308,100.0,High,Structural Damage
B_464,Building F - Sports,56,33,325,High,Clear,4,Steel,2024-08-24,Yes,Yes,12.972613241373528,77.5912244305397,89.82135046252199,High,Medical Emergency
B_465,Building H - Cafeteria,91,30,289,Medium,Clear,3,Composite,2024-05-26,Yes,Yes,12.969194287257125,77.59331776540913,95.45021885344444,High,Environmental
B_466,Building G - Medical,91,27,304,Low,Clear,2,Brick,2025-02-15,No,Yes,12.970641447216883,77.59343888114384,91.44036750352029,High,Environmental
B_467,Building A - Main Campus,63,29,246,Medium,Clear,4,Brick,2025-10-10,Yes,Yes,12.97220516864972,77.59400847332168,85.73311902188713,High,Security Breach
B_468,Building D - Hostel,24,33,400,Medium,Clear,5,Concrete,2024-10-27,Yes,Yes,12.975233470817592,77.59691076052736,79.08125077014432,High,Crowd Control
B_469,Building G - Medical,10,27,479,Low,Clear,3,Brick,2025-10-10,Yes,Yes,12.968609365609785,77.5936078522113,70.13981490757142,High,Security Breach
B_470,Building G - Medical,13,33,26,Low,Clear,0,Concrete,2024-07-31,Yes,Yes,12.971404834365643,77.59445444330146,25.40020667819915,Low,Environmental
B_471,Building A - Main Campus,2,4,48,Medium,Clear,2,Composite,2024-10-10,No,Yes,12.972846545593232,77.59300129713817,28.183513105980367,Low,Medical Emergency
B_472,Building G - Medical,59,22,52,Low,Storm,4,Brick,2026-01-05,Yes,Yes,12.968081396730408,77.59368705548442,86.97400518594557,High,Structural Damage
B_473,Building H - Cafeteria,2,2,98,Medium,Clear,5,Steel,2025-08-26,Yes,Yes,12.971118539223468,77.59119671340335,38.774278453789435,Medium,Fire Hazard
B_474,Building A - Main Campus,35,10,478,High,Clear,2,Composite,2024-11-27,Yes,Yes,12.97196929647643,77.59503459416865,60.356561375422,Medium,Crowd Control
B_475,Building F - Sports,97,5,589,High,Clear,3,Concrete,2024-03-21,Yes,Yes,12.971701857122161,77.5907814013006,93.79255574125443,High,Security Breach
B_476,Building E - Library,49,10,557,Low,Clear,1,Composite,2025-08-15,Yes,Yes,12.969913218566148,77.59543511420111,53.079951988659744,Medium,Structural Damage
B_477,Building G - Medical,90,33,501,High,Snow,4,Concrete,2025-11-05,Yes,Yes,12.966704442300022,77.59451495969385,100.0,High,Structural Damage
B_478,Building G - Medical,2,13,449,Low,Clear,5,Composite,2024-09-27,No,No,12.969169562307298,77.59427185415517,64.23407681727392,Medium,Fire Hazard
B_479,Building D - Hostel,17,31,304,Low,Rain,2,Concrete,2025-04-24,Yes,Yes,12.974588196478992,77.59641049749915,65.7977576927688,Medium,Medical Emergency
B_480,Building H - Cafeteria,62,24,535,Medium,Snow,4,Brick,2025-02-08,Yes,Yes,12.974025391589418,77.59176591514398,100.0,High,Fire Hazard
B_481,Building D - Hostel,65,15,118,Medium,Storm,5,Steel,2024-04-22,Yes,Yes,12.976999696138972,77.59596664981215,92.52165735129394,High,Fire Hazard
B_482,Building E - Library,64,29,416,Medium,Rain,2,Concrete,2024-02-11,Yes,Yes,12.970635419891781,77.59625587726343,79.62532053646281,High,Medical Emergency
B_483,Building G - Medical,70,8,508,Medium,Storm,2,Composite,2024-12-09,No,Yes,12.969516783129766,77.59574959068969,86.2509090169178,High,Medical Emergency
B_484,Building H - Cafeteria,23,5,58,Low,Snow,6,Concrete,2024-03-26,Yes,Yes,12.970461919039044,77.59232499326885,45.59400276887242,Medium,Medical Emergency
B_485,Building A - Main Campus,94,29,290,Low,Rain,0,Concrete,2025-10-30,Yes,Yes,12.972849000207823,77.59558371469353,72.74529364765831,High,Structural Damage
B_486,Building G - Medical,68,4,176,Medium,Rain,3,Concrete,2025-02-18,Yes,Yes,12.96847741406105,77.59441740812223,69.44748107644544,Medium,Structural Damage
B_487,Building F - Sports,77,12,94,Medium,Rain,3,Composite,2024-03-01,Yes,Yes,12.973328007847835,77.59226342811932,80.16254923164061,High,Crowd Control
B_488,Building G - Medical,27,2,149,Medium,Rain,4,Steel,2024-07-23,Yes,Yes,12.970575134521242,77.59498428588817,52.47611925829395,Medium,Environmental
B_489,Building C - Admin,17,27,103,Low,Rain,10,Brick,2024-12-27,Yes,Yes,12.969151953147996,77.58994279642194,66.40514906354555,Medium,Crowd Control
B_490,Building H - Cafeteria,52,31,41,Medium,Clear,5,Steel,2025-03-02,Yes,Yes,12.973179733077528,77.59217818882057,76.98348472492357,High,Fire Hazard
B_491,Building C - Admin,87,26,478,Low,Clear,4,Concrete,2024-04-19,No,Yes,12.968648191162945,77.58858503116768,100.0,High,Fire Hazard
B_492,Building A - Main Campus,58,27,558,Low,Clear,3,Composite,2024-09-08,Yes,Yes,12.970387978233196,77.59492495670106,79.81361467445309,High,Crowd Control
B_493,Building G - Medical,30,5,401,Medium,Clear,1,Steel,2024-07-15,No,Yes,12.968875813734059,77.5945423143971,42.89928548636078,Medium,Security Breach
B_494,Building A - Main Campus,79,20,459,Low,Clear,2,Concrete,2025-12-15,Yes,Yes,12.973217749310525,77.59615993770237,77.06587537218279,High,Environmental
B_495,Building B - Science Block,93,11,40,Low,Clear,4,Brick,2024-04-28,Yes,Yes,12.975724044778687,77.59923765250839,78.51800708509425,High,Fire Hazard
B_496,Building G - Medical,70,10,322,Medium,Rain,4,Brick,2025-11-11,Yes,Yes,12.972003018191785,77.59503652966781,93.12942553428408,High,Security Breach
B_497,Building C - Admin,48,6,103,Medium,Clear,2,Brick,2025-05-25,Yes,Yes,12.967696979417356,77.58859960743052,53.92608354145063,Medium,Security Breach
B_498,Building H - Cafeteria,95,8,472,Medium,Storm,1,Concrete,2024-04-14,Yes,Yes,12.972996330607442,77.59265162650281,84.74753406975229,High,Environmental
B_499,Building C - Admin,63,23,406,Low,Clear,2,Composite,2024-02-20,Yes,Yes,12.968726131515846,77.58905092891204,74.67124982179195,High,Medical Emergency
